complex,chain,gene,position,ref_aa,alt_aa,am_score
BRCA1_BARD1,A,BRCA1,24,C,Y,0.9812
BRCA1_BARD1,A,BRCA1,37,P,L,0.9543
BRCA1_BARD1,A,BRCA1,42,C,R,0.9901
BRCA1_BARD1,A,BRCA1,61,C,G,0.9876
BRCA1_BARD1,A,BRCA1,64,R,C,0.9234
BRCA1_BARD1,B,BARD1,33,C,Y,0.9456
BRCA1_BARD1,B,BARD1,53,V,M,0.8923
BRCA1_PALB2,A,BRCA1,1396,L,P,0.9678
BRCA1_PALB2,A,BRCA1,1408,E,K,0.8745
BRCA1_PALB2,B,PALB2,14,L,P,0.9123
BRCA1_PALB2,B,PALB2,18,K,R,0.8567
PALB2_BRCA2,A,PALB2,857,L,P,0.9345
PALB2_BRCA2,A,PALB2,866,W,C,0.9789
PALB2_BRCA2,A,PALB2,881,A,T,0.8234
BRCA2_RAD51,A,BRCA2,1523,T,A,0.8901
BRCA2_RAD51,A,BRCA2,1532,D,N,0.9567
BRCA2_RAD51,A,BRCA2,1548,A,T,0.8345
ATM_NBN,A,ATM,2644,R,C,0.9123
ATM_NBN,A,ATM,2656,S,F,0.8789
ATM_NBN,A,ATM,2700,R,H,0.9234
ATM_NBN,B,NBN,740,R,C,0.9012
ATM_NBN,B,NBN,745,D,N,0.8567
MRE11_NBN,A,MRE11,123,H,Y,0.9345
MRE11_NBN,A,MRE11,156,R,C,0.9678
MRE11_NBN,A,MRE11,178,D,N,0.8901
MRE11_NBN,B,NBN,642,L,P,0.9123
MRE11_NBN,B,NBN,648,R,H,0.8745
